{
  "Science": [
    {
      "question": "What is the acceleration due to gravity on Earth?",
      "options": ["9.8 m/s²", "10 m/s²", "9.6 m/s²", "9.2 m/s²"],
      "answer": "9.8 m/s²"
    },
    {
      "question": "Which of the following is a noble gas?",
      "options": ["Oxygen", "Nitrogen", "Argon", "Hydrogen"],
      "answer": "Argon"
    },
    {
      "question": "What is the chemical formula of quick lime?",
      "options": ["CaCO₃", "Ca(OH)₂", "CaO", "CaCl₂"],
      "answer": "CaO"
    },
    {
      "question": "Which device is used to measure electric current?",
      "options": ["Voltmeter", "Ammeter", "Galvanometer", "Ohmmeter"],
      "answer": "Ammeter"
    },
    {
      "question": "Which of the following is an endothermic process?",
      "options": ["Combustion", "Freezing", "Evaporation", "Condensation"],
      "answer": "Evaporation"
    },
    {
      "question": "Which lens is used to correct myopia?",
      "options": ["Convex lens", "Concave lens", "Bifocal lens", "Cylindrical lens"],
      "answer": "Concave lens"
    },
    {
      "question": "What is the SI unit of resistance?",
      "options": ["Ohm", "Volt", "Ampere", "Watt"],
      "answer": "Ohm"
    },
    {
      "question": "Which of the following is a saturated hydrocarbon?",
      "options": ["Ethene", "Ethyne", "Ethane", "Benzene"],
      "answer": "Ethane"
    },
    {
      "question": "Which planet is known as the Red Planet?",
      "options": ["Earth", "Mars", "Jupiter", "Venus"],
      "answer": "Mars"
    },
    {
      "question": "Which metal is extracted by electrolytic reduction?",
      "options": ["Iron", "Copper", "Aluminium", "Zinc"],
      "answer": "Aluminium"
    },
    {
      "question": "What is the function of a fuse in an electric circuit?",
      "options": ["Increase current", "Decrease voltage", "Prevent overloading", "Store charge"],
      "answer": "Prevent overloading"
    },
    {
      "question": "Which of the following is a greenhouse gas?",
      "options": ["Oxygen", "Nitrogen", "Carbon dioxide", "Hydrogen"],
      "answer": "Carbon dioxide"
    },
    {
      "question": "Which of the following is a non-renewable energy source?",
      "options": ["Solar", "Wind", "Coal", "Hydropower"],
      "answer": "Coal"
    },
    {
      "question": "Which of the following is a physical change?",
      "options": ["Rusting", "Burning", "Melting of ice", "Digestion"],
      "answer": "Melting of ice"
    },
    {
      "question": "Which of the following is a poor conductor of electricity?",
      "options": ["Copper", "Silver", "Wood", "Aluminium"],
      "answer": "Wood"
    }
  ],
  "Commerce": [
    {
      "question": "A shopkeeper buys a book for ₹250 and sells it for ₹300. What is the profit percentage?",
      "options": ["20%", "25%", "15%", "10%"],
      "answer": "20%"
    },
    {
      "question": "If the cost price is ₹500 and loss is 10%, selling price is?",
      "options": ["₹450", "₹480", "₹490", "₹470"],
      "answer": "₹450"
    },
    {
      "question": "₹1000/month in RD for 2 years at 10% earns how much interest?",
      "options": ["₹1300", "₹2600", "₹1200", "₹2400"],
      "answer": "₹2600"
    },
    {
      "question": "Compound interest on ₹10,000 for 2 years at 5% is?",
      "options": ["₹1000", "₹1025", "₹1050", "₹1100"],
      "answer": "₹1025"
    },
    {
      "question": "20% markup and 10% discount gives what profit %?",
      "options": ["8%", "10%", "12%", "15%"],
      "answer": "8%"
    },
    {
      "question": "Purpose of bookkeeping?",
      "options": ["Financial analysis", "Record transactions", "HR management", "Prepare tax returns"],
      "answer": "Record transactions"
    },
    {
      "question": "Which is a current asset?",
      "options": ["Land", "Building", "Inventory", "Machinery"],
      "answer": "Inventory"
    },
    {
      "question": "Assets - Liabilities = ?",
      "options": ["Profit", "Expenses", "Revenue", "Owner's Equity"],
      "answer": "Owner's Equity"
    },
    {
      "question": "Document for daily financial entries?",
      "options": ["Ledger", "Trial Balance", "Journal", "Balance Sheet"],
      "answer": "Journal"
    },
    {
      "question": "Money invested by owner is called?",
      "options": ["Capital", "Revenue", "Asset", "Liability"],
      "answer": "Capital"
    },
    {
      "question": "Which is a direct tax?",
      "options": ["Sales Tax", "Income Tax", "VAT", "Excise Duty"],
      "answer": "Income Tax"
    },
    {
      "question": "Who issues currency in India?",
      "options": ["SBI", "RBI", "Finance Ministry", "NITI Aayog"],
      "answer": "RBI"
    },
    {
      "question": "GDP stands for?",
      "options": ["Gross Development Product", "Gross Domestic Product", "General Domestic Product", "Growth Domestic Price"],
      "answer": "Gross Domestic Product"
    },
    {
      "question": "Feature of sole proprietorship?",
      "options": ["Limited liability", "Single ownership", "Perpetual succession", "Separate legal entity"],
      "answer": "Single ownership"
    },
    {
      "question": "Financial position on a particular date is shown in?",
      "options": ["Trial Balance", "Balance Sheet", "Cash Flow", "Income Statement"],
      "answer": "Balance Sheet"
    }
  ],
  "Arts": [
    {
      "question": "Who wrote the play *Romeo and Juliet*?",
      "options": ["Wordsworth", "Shakespeare", "Austen", "Orwell"],
      "answer": "William Shakespeare"
    },
    {
      "question": "Author of *Godaan*?",
      "options": ["Premchand", "Tagore", "Chattopadhyay", "Pritam"],
      "answer": "Munshi Premchand"
    },
    {
      "question": "*The Road Not Taken* was written by?",
      "options": ["Frost", "Tagore", "Eliot", "Whitman"],
      "answer": "Robert Frost"
    },
    {
      "question": "Poem *Where the Mind is Without Fear* conveys?",
      "options": ["Science", "Rituals", "Freedom", "Economy"],
      "answer": "Freedom and knowledge"
    },
    {
      "question": "*Animal Farm* critiques which ideology?",
      "options": ["Monarchy", "Capitalism", "Communism", "Democracy"],
      "answer": "Communism"
    },
    {
      "question": "Battle of Plassey won by?",
      "options": ["French", "Marathas", "British East India Company", "Mughals"],
      "answer": "British East India Company"
    },
    {
      "question": "First woman PM of India?",
      "options": ["Indira Gandhi", "Sonia Gandhi", "Naidu", "Kripalani"],
      "answer": "Indira Gandhi"
    },
    {
      "question": "Preamble starts with?",
      "options": ["Rights", "By the President", "We the People", "India is Sovereign"],
      "answer": "We the People"
    },
    {
      "question": "Who painted *Bharat Mata*?",
      "options": ["Amrita Sher-Gil", "Abanindranath Tagore", "Husain", "Varma"],
      "answer": "Abanindranath Tagore"
    },
    {
      "question": "*Abhijnanasakuntalam* theme?",
      "options": ["Politics", "Love", "Science", "War"],
      "answer": "Love and separation"
    },
    {
      "question": "*Kabuliwala* theme?",
      "options": ["War", "Sci-fi", "Parental love", "Adventure"],
      "answer": "Parental love"
    },
    {
      "question": "Which book begins 'It is a truth universally acknowledged...’?",
      "options": ["Emma", "Pride and Prejudice", "Gatsby", "Jane Eyre"],
      "answer": "Pride and Prejudice"
    },
    {
      "question": "*Meghaduta* was written in?",
      "options": ["Hindi", "Sanskrit", "Tamil", "Pali"],
      "answer": "Sanskrit"
    },
    {
      "question": "Indian dance form that tells epic stories?",
      "options": ["Garba", "Bharatanatyam", "Kathakali", "Bhangra"],
      "answer": "Kathakali"
    },
    {
      "question": "Main function of judiciary?",
      "options": ["Policy", "Rights protection", "Diplomacy", "Tax collection"],
      "answer": "Ensuring the protection of rights"
    }
  ],
  "Compatibility": [
    {
      "question": "When solving a problem, what do you prefer?",
      "options": [
        { "option": "Conduct an experiment or explore facts", "stream": "Science" },
        { "option": "Do calculations or analyze financial impacts", "stream": "Commerce" },
        { "option": "Express ideas creatively or emotionally", "stream": "Arts" }
      ]
    },
    {
      "question": "What excites you the most?",
      "options": [
        { "option": "Discovering how the universe works", "stream": "Science" },
        { "option": "Running a business or understanding markets", "stream": "Commerce" },
        { "option": "Writing, painting, or performing", "stream": "Arts" }
      ]
    },
    {
      "question": "How do you prefer to make decisions?",
      "options": [
        { "option": "Based on logic and evidence", "stream": "Science" },
        { "option": "Based on cost-benefit", "stream": "Commerce" },
        { "option": "Based on feelings or creativity", "stream": "Arts" }
      ]
    },
    {
      "question": "Which activity sounds most interesting?",
      "options": [
        { "option": "Doing a lab experiment", "stream": "Science" },
        { "option": "Making a budget", "stream": "Commerce" },
        { "option": "Debate or writing a story", "stream": "Arts" }
      ]
    },
    {
      "question": "How do you handle tasks?",
      "options": [
        { "option": "With accuracy", "stream": "Science" },
        { "option": "With strategy", "stream": "Commerce" },
        { "option": "With imagination", "stream": "Arts" }
      ]
    },
    {
      "question": "You would rather read about:",
      "options": [
        { "option": "New scientific discoveries", "stream": "Science" },
        { "option": "Business stories", "stream": "Commerce" },
        { "option": "Philosophy or history", "stream": "Arts" }
      ]
    },
    {
      "question": "What kind of shows do you enjoy?",
      "options": [
        { "option": "Science documentaries", "stream": "Science" },
        { "option": "Startup dramas", "stream": "Commerce" },
        { "option": "Historical series", "stream": "Arts" }
      ]
    },
    {
      "question": "How do you define success?",
      "options": [
        { "option": "Inventing something", "stream": "Science" },
        { "option": "Achieving goals", "stream": "Commerce" },
        { "option": "Being recognized creatively", "stream": "Arts" }
      ]
    },
    {
      "question": "Your dream career involves:",
      "options": [
        { "option": "Research or medicine", "stream": "Science" },
        { "option": "Finance or entrepreneurship", "stream": "Commerce" },
        { "option": "Law, journalism or fine arts", "stream": "Arts" }
      ]
    },
    {
      "question": "You feel most connected to:",
      "options": [
        { "option": "Nature and science", "stream": "Science" },
        { "option": "Economy and trends", "stream": "Commerce" },
        { "option": "Culture and people", "stream": "Arts" }
      ]
    },
    {
      "question": "When under pressure, you:",
      "options": [
        { "option": "Analyze logically", "stream": "Science" },
        { "option": "Manage efficiently", "stream": "Commerce" },
        { "option": "Get creative", "stream": "Arts" }
      ]
    },
    {
      "question": "What do you value most?",
      "options": [
        { "option": "Truth and discovery", "stream": "Science" },
        { "option": "Success and growth", "stream": "Commerce" },
        { "option": "Creativity and expression", "stream": "Arts" }
      ]
    },
    {
      "question": "Your personality is closest to:",
      "options": [
        { "option": "Analytical and curious", "stream": "Science" },
        { "option": "Strategic and confident", "stream": "Commerce" },
        { "option": "Expressive and imaginative", "stream": "Arts" }
      ]
    },
    {
      "question": "You enjoy solving:",
      "options": [
        { "option": "Scientific puzzles", "stream": "Science" },
        { "option": "Business challenges", "stream": "Commerce" },
        { "option": "Creative conflicts", "stream": "Arts" }
      ]
    },
    {
      "question": "Which of these sounds most like you?",
      "options": [
        { "option": "I love finding how things work.", "stream": "Science" },
        { "option": "I enjoy making plans efficient.", "stream": "Commerce" },
        { "option": "I love expressing myself.", "stream": "Arts" }
      ]
    }
  ]
}
